formula,AIC,BIC
correctness ~ (1|participant_id),658.728504,667.285547
correctness ~ (1|problem_id),511.362472,519.919515
correctness ~ (1|participant_id) + (1|problem_id),489.224853,502.060418
correctness ~ TMS_Type + (1|participant_id),659.683904,672.519469
correctness ~ TMS_Type + (1|problem_id),511.955272,524.790836
correctness ~ TMS_Type + (1|participant_id) + (1|problem_id),489.996178,507.110264
correctness ~ TMS_Type + (1|participant_id) + (1|participant_id:TMS_Type),660.726921,677.841007
correctness ~ TMS_Type + (1|problem_id) + (1|problem_id:TMS_Type),513.955271,531.069357
correctness ~ TMS_Type + (1|participant_id) + (1|problem_id) + (1|participant_id:TMS_Type),481.860314,503.252921
correctness ~ TMS_Type + (1|participant_id) + (1|problem_id) + (1|problem_id:TMS_Type),491.996162,513.388770
correctness ~ TMS_Type + (1|participant_id) + (1|problem_id) + (1|participant_id:TMS_Type) + (1|problem_id:TMS_Type),483.860328,509.531457
correctness ~ session + (1|participant_id),659.111619,671.947183
correctness ~ session + (1|problem_id),510.410444,523.246008
correctness ~ session + (1|participant_id) + (1|problem_id),487.588280,504.702366
correctness ~ coding_section_no + (1|participant_id),649.715298,662.550862
correctness ~ coding_section_no + (1|problem_id),502.270618,515.106183
correctness ~ coding_section_no + (1|participant_id) + (1|problem_id),479.345902,496.459988
correctness ~ problem_order + (1|participant_id),660.204207,673.039772
correctness ~ problem_order + (1|problem_id),512.266272,525.101836
correctness ~ problem_order + (1|participant_id) + (1|problem_id),490.597543,507.711629
correctness ~ problem_set + (1|participant_id),659.373580,672.209145
correctness ~ problem_set + (1|problem_id),511.858046,524.693610
correctness ~ problem_set + (1|participant_id) + (1|problem_id),490.418470,507.532556
correctness ~ pain + (1|participant_id),659.588997,672.424561
correctness ~ pain + (1|problem_id),513.278577,526.114141
correctness ~ pain + (1|participant_id) + (1|problem_id),489.118954,506.233039
correctness ~ physical_symptoms + (1|participant_id),660.616084,673.451648
correctness ~ physical_symptoms + (1|problem_id),512.915675,525.751239
correctness ~ physical_symptoms + (1|participant_id) + (1|problem_id),491.219239,508.333324
correctness ~ discomfort + (1|participant_id),659.319520,672.155084
correctness ~ discomfort + (1|problem_id),512.666258,525.501823
correctness ~ discomfort + (1|participant_id) + (1|problem_id),487.919191,505.033277
correctness ~ sensations + (1|participant_id),659.519341,672.354906
correctness ~ sensations + (1|problem_id),511.449454,524.285019
correctness ~ sensations + (1|participant_id) + (1|problem_id),488.241558,505.355644
correctness ~ TMS_Type + session + (1|participant_id),660.198266,677.312351
correctness ~ TMS_Type + session + (1|problem_id),511.207713,528.321799
correctness ~ TMS_Type + session + (1|participant_id) + (1|problem_id),488.566054,509.958661
correctness ~ TMS_Type + session + (1|participant_id) + (1|participant_id:TMS_Type),661.547211,682.939818
correctness ~ TMS_Type + session + (1|problem_id) + (1|problem_id:TMS_Type),513.207712,534.600319
correctness ~ TMS_Type + session + (1|participant_id) + (1|problem_id) + (1|participant_id:TMS_Type),482.185267,507.856395
correctness ~ TMS_Type + session + (1|participant_id) + (1|problem_id) + (1|problem_id:TMS_Type),490.566025,516.237153
correctness ~ TMS_Type + session + (1|participant_id) + (1|problem_id) + (1|participant_id:TMS_Type) + (1|problem_id:TMS_Type),484.185292,514.134942
correctness ~ TMS_Type + coding_section_no + (1|participant_id),650.796864,667.910949
correctness ~ TMS_Type + coding_section_no + (1|problem_id),503.114683,520.228769
correctness ~ TMS_Type + coding_section_no + (1|participant_id) + (1|problem_id),480.319995,501.712602
correctness ~ TMS_Type + coding_section_no + (1|participant_id) + (1|participant_id:TMS_Type),651.816424,673.209031
correctness ~ TMS_Type + coding_section_no + (1|problem_id) + (1|problem_id:TMS_Type),505.114681,526.507288
correctness ~ TMS_Type + coding_section_no + (1|participant_id) + (1|problem_id) + (1|participant_id:TMS_Type),472.252937,497.924066
correctness ~ TMS_Type + coding_section_no + (1|participant_id) + (1|problem_id) + (1|problem_id:TMS_Type),482.319957,507.991086
correctness ~ TMS_Type + coding_section_no + (1|participant_id) + (1|problem_id) + (1|participant_id:TMS_Type) + (1|problem_id:TMS_Type),474.252937,504.202587
correctness ~ TMS_Type + problem_order + (1|participant_id),661.206442,678.320528
correctness ~ TMS_Type + problem_order + (1|problem_id),513.002144,530.116230
correctness ~ TMS_Type + problem_order + (1|participant_id) + (1|problem_id),491.495101,512.887708
correctness ~ TMS_Type + problem_order + (1|participant_id) + (1|participant_id:TMS_Type),662.178182,683.570789
correctness ~ TMS_Type + problem_order + (1|problem_id) + (1|problem_id:TMS_Type),515.002143,536.394750
correctness ~ TMS_Type + problem_order + (1|participant_id) + (1|problem_id) + (1|participant_id:TMS_Type),483.336627,509.007755
correctness ~ TMS_Type + problem_order + (1|participant_id) + (1|problem_id) + (1|problem_id:TMS_Type),493.495084,519.166213
correctness ~ TMS_Type + problem_order + (1|participant_id) + (1|problem_id) + (1|participant_id:TMS_Type) + (1|problem_id:TMS_Type),485.336640,515.286290
correctness ~ TMS_Type + problem_set + (1|participant_id),660.528559,677.642645
correctness ~ TMS_Type + problem_set + (1|problem_id),512.663464,529.777550
correctness ~ TMS_Type + problem_set + (1|participant_id) + (1|problem_id),491.329609,512.722217
correctness ~ TMS_Type + problem_set + (1|participant_id) + (1|participant_id:TMS_Type),661.600198,682.992805
correctness ~ TMS_Type + problem_set + (1|problem_id) + (1|problem_id:TMS_Type),514.663460,536.056067
correctness ~ TMS_Type + problem_set + (1|participant_id) + (1|problem_id) + (1|participant_id:TMS_Type),483.052247,508.723376
correctness ~ TMS_Type + problem_set + (1|participant_id) + (1|problem_id) + (1|problem_id:TMS_Type),493.329570,519.000699
correctness ~ TMS_Type + problem_set + (1|participant_id) + (1|problem_id) + (1|participant_id:TMS_Type) + (1|problem_id:TMS_Type),485.052297,515.001947
correctness ~ session + coding_section_no + (1|participant_id),650.181122,667.295208
correctness ~ session + coding_section_no + (1|problem_id),501.233517,518.347602
correctness ~ session + coding_section_no + (1|participant_id) + (1|problem_id),477.675475,499.068082
correctness ~ session + problem_order + (1|participant_id),660.638008,677.752094
correctness ~ session + problem_order + (1|problem_id),511.403862,528.517948
correctness ~ session + problem_order + (1|participant_id) + (1|problem_id),489.080253,510.472860
correctness ~ session + problem_set + (1|participant_id),659.646419,676.760505
correctness ~ session + problem_set + (1|problem_id),510.591413,527.705499
correctness ~ session + problem_set + (1|participant_id) + (1|problem_id),488.577030,509.969637
correctness ~ problem_set + coding_section_no + (1|participant_id),650.465932,667.580018
correctness ~ problem_set + coding_section_no + (1|problem_id),502.580206,519.694292
correctness ~ problem_set + coding_section_no + (1|participant_id) + (1|problem_id),480.456388,501.848995
correctness ~ problem_set + problem_order + (1|participant_id),660.834105,677.948190
correctness ~ problem_set + problem_order + (1|problem_id),512.756995,529.871081
correctness ~ problem_set + problem_order + (1|participant_id) + (1|problem_id),491.778752,513.171359
correctness ~ coding_section_no + problem_order + (1|participant_id),651.462693,668.576778
correctness ~ coding_section_no + problem_order + (1|problem_id),503.738639,520.852724
correctness ~ coding_section_no + problem_order + (1|participant_id) + (1|problem_id),481.034183,502.426790
correctness ~ TMS_Type + pain + (1|participant_id),660.919488,678.033574
correctness ~ TMS_Type + pain + (1|problem_id),513.950559,531.064645
correctness ~ TMS_Type + pain + (1|participant_id) + (1|problem_id),490.539158,511.931765
correctness ~ TMS_Type + pain + (1|participant_id) + (1|participant_id:TMS_Type),662.270134,683.662741
correctness ~ TMS_Type + pain + (1|problem_id) + (1|problem_id:TMS_Type),515.950558,537.343165
correctness ~ TMS_Type + pain + (1|participant_id) + (1|problem_id) + (1|participant_id:TMS_Type),483.704882,509.376010
correctness ~ TMS_Type + pain + (1|participant_id) + (1|problem_id) + (1|problem_id:TMS_Type),492.539137,518.210266
correctness ~ TMS_Type + pain + (1|participant_id) + (1|problem_id) + (1|participant_id:TMS_Type) + (1|problem_id:TMS_Type),485.704898,515.654548
correctness ~ TMS_Type + physical_symptoms + (1|participant_id),661.683869,678.797954
correctness ~ TMS_Type + physical_symptoms + (1|problem_id),513.836004,530.950090
correctness ~ TMS_Type + physical_symptoms + (1|participant_id) + (1|problem_id),491.879292,513.271899
correctness ~ TMS_Type + physical_symptoms + (1|participant_id) + (1|participant_id:TMS_Type),662.674912,684.067519
correctness ~ TMS_Type + physical_symptoms + (1|problem_id) + (1|problem_id:TMS_Type),515.836003,537.228610
correctness ~ TMS_Type + physical_symptoms + (1|participant_id) + (1|problem_id) + (1|participant_id:TMS_Type),483.771624,509.442753
correctness ~ TMS_Type + physical_symptoms + (1|participant_id) + (1|problem_id) + (1|problem_id:TMS_Type),493.879275,519.550404
correctness ~ TMS_Type + physical_symptoms + (1|participant_id) + (1|problem_id) + (1|participant_id:TMS_Type) + (1|problem_id:TMS_Type),485.771641,515.721291
correctness ~ TMS_Type + discomfort + (1|participant_id),660.994751,678.108837
correctness ~ TMS_Type + discomfort + (1|problem_id),513.800945,530.915030
correctness ~ TMS_Type + discomfort + (1|participant_id) + (1|problem_id),489.817251,511.209858
correctness ~ TMS_Type + discomfort + (1|participant_id) + (1|participant_id:TMS_Type),662.385836,683.778443
correctness ~ TMS_Type + discomfort + (1|problem_id) + (1|problem_id:TMS_Type),515.800943,537.193550
correctness ~ TMS_Type + discomfort + (1|participant_id) + (1|problem_id) + (1|participant_id:TMS_Type),483.559543,509.230672
correctness ~ TMS_Type + discomfort + (1|participant_id) + (1|problem_id) + (1|problem_id:TMS_Type),491.817228,517.488356
correctness ~ TMS_Type + discomfort + (1|participant_id) + (1|problem_id) + (1|participant_id:TMS_Type) + (1|problem_id:TMS_Type),485.559560,515.509210
correctness ~ TMS_Type + sensations + (1|participant_id),660.633087,677.747173
correctness ~ TMS_Type + sensations + (1|problem_id),512.265146,529.379232
correctness ~ TMS_Type + sensations + (1|participant_id) + (1|problem_id),489.566519,510.959126
correctness ~ TMS_Type + sensations + (1|participant_id) + (1|participant_id:TMS_Type),661.918054,683.310661
correctness ~ TMS_Type + sensations + (1|problem_id) + (1|problem_id:TMS_Type),514.265145,535.657752
correctness ~ TMS_Type + sensations + (1|participant_id) + (1|problem_id) + (1|participant_id:TMS_Type),482.940414,508.611542
correctness ~ TMS_Type + sensations + (1|participant_id) + (1|problem_id) + (1|problem_id:TMS_Type),491.566501,517.237629
correctness ~ TMS_Type + sensations + (1|participant_id) + (1|problem_id) + (1|participant_id:TMS_Type) + (1|problem_id:TMS_Type),484.940430,514.890080
correctness ~ session + pain + (1|participant_id),659.918029,677.032114
correctness ~ session + pain + (1|problem_id),512.307469,529.421555
correctness ~ session + pain + (1|participant_id) + (1|problem_id),487.167838,508.560445
correctness ~ session + physical_symptoms + (1|participant_id),661.088894,678.202980
correctness ~ session + physical_symptoms + (1|problem_id),512.128345,529.242430
correctness ~ session + physical_symptoms + (1|participant_id) + (1|problem_id),489.519505,510.912112
correctness ~ session + discomfort + (1|participant_id),659.856950,676.971036
correctness ~ session + discomfort + (1|problem_id),511.895301,529.009387
correctness ~ session + discomfort + (1|participant_id) + (1|problem_id),486.467026,507.859633
correctness ~ session + sensations + (1|participant_id),659.282535,676.396620
correctness ~ session + sensations + (1|problem_id),509.558696,526.672782
correctness ~ session + sensations + (1|participant_id) + (1|problem_id),484.442920,505.835527
correctness ~ coding_section_no + pain + (1|participant_id),650.446044,667.560130
correctness ~ coding_section_no + pain + (1|problem_id),504.175138,521.289223
correctness ~ coding_section_no + pain + (1|participant_id) + (1|problem_id),479.419984,500.812591
correctness ~ coding_section_no + physical_symptoms + (1|participant_id),651.616589,668.730675
correctness ~ coding_section_no + physical_symptoms + (1|problem_id),503.798550,520.912635
correctness ~ coding_section_no + physical_symptoms + (1|participant_id) + (1|problem_id),481.343689,502.736296
correctness ~ coding_section_no + discomfort + (1|participant_id),650.412770,667.526856
correctness ~ coding_section_no + discomfort + (1|problem_id),503.596667,520.710752
correctness ~ coding_section_no + discomfort + (1|participant_id) + (1|problem_id),478.530264,499.922871
correctness ~ coding_section_no + sensations + (1|participant_id),650.410529,667.524615
correctness ~ coding_section_no + sensations + (1|problem_id),501.878559,518.992645
correctness ~ coding_section_no + sensations + (1|participant_id) + (1|problem_id),478.083950,499.476557
correctness ~ problem_order + pain + (1|participant_id),660.928291,678.042377
correctness ~ problem_order + pain + (1|problem_id),514.100556,531.214642
correctness ~ problem_order + pain + (1|participant_id) + (1|problem_id),490.367716,511.760323
correctness ~ problem_order + physical_symptoms + (1|participant_id),662.098839,679.212924
correctness ~ problem_order + physical_symptoms + (1|problem_id),513.810293,530.924378
correctness ~ problem_order + physical_symptoms + (1|participant_id) + (1|problem_id),492.593826,513.986433
correctness ~ problem_order + discomfort + (1|participant_id),660.770708,677.884794
correctness ~ problem_order + discomfort + (1|problem_id),513.549376,530.663462
correctness ~ problem_order + discomfort + (1|participant_id) + (1|problem_id),489.389480,510.782087
correctness ~ problem_order + sensations + (1|participant_id),660.937179,678.051265
correctness ~ problem_order + sensations + (1|problem_id),512.136324,529.250409
correctness ~ problem_order + sensations + (1|participant_id) + (1|problem_id),489.505431,510.898039
correctness ~ problem_set + pain + (1|participant_id),660.679381,677.793466
correctness ~ problem_set + pain + (1|problem_id),513.813636,530.927721
correctness ~ problem_set + pain + (1|participant_id) + (1|problem_id),490.540086,511.932693
correctness ~ problem_set + physical_symptoms + (1|participant_id),661.263186,678.377272
correctness ~ problem_set + physical_symptoms + (1|problem_id),513.439979,530.554065
correctness ~ problem_set + physical_symptoms + (1|participant_id) + (1|problem_id),492.411998,513.804605
correctness ~ problem_set + discomfort + (1|participant_id),660.673317,677.787402
correctness ~ problem_set + discomfort + (1|problem_id),513.369957,530.484042
correctness ~ problem_set + discomfort + (1|participant_id) + (1|problem_id),489.479153,510.871761
correctness ~ problem_set + sensations + (1|participant_id),659.171268,676.285354
correctness ~ problem_set + sensations + (1|problem_id),511.589822,528.703908
correctness ~ problem_set + sensations + (1|participant_id) + (1|problem_id),489.097229,510.489836
correctness ~ TMS_Type + session + coding_section_no + problem_order + problem_set + pain + physical_symptoms + discomfort + sensations + (1|participant_id),657.833481,704.897217
correctness ~ TMS_Type + session + coding_section_no + problem_order + problem_set + pain + physical_symptoms + discomfort + sensations + (1|problem_id),506.949478,554.013213
correctness ~ TMS_Type + session + coding_section_no + problem_order + problem_set + pain + physical_symptoms + discomfort + sensations + (1|participant_id) + (1|problem_id),479.522448,530.864705
correctness ~ TMS_Type + session + coding_section_no + problem_order + problem_set + pain + physical_symptoms + discomfort + sensations + (1|participant_id) + (1|participant_id:TMS_Type),659.831042,711.173299
correctness ~ TMS_Type + session + coding_section_no + problem_order + problem_set + pain + physical_symptoms + discomfort + sensations + (1|problem_id) + (1|problem_id:TMS_Type),508.949472,560.291729
correctness ~ TMS_Type + session + coding_section_no + problem_order + problem_set + pain + physical_symptoms + discomfort + sensations + (1|participant_id) + (1|problem_id) + (1|participant_id:TMS_Type),479.155676,534.776454
correctness ~ TMS_Type + session + coding_section_no + problem_order + problem_set + pain + physical_symptoms + discomfort + sensations + (1|participant_id) + (1|problem_id) + (1|problem_id:TMS_Type),481.522379,537.143158
correctness ~ TMS_Type + session + coding_section_no + problem_order + problem_set + pain + physical_symptoms + discomfort + sensations + (1|participant_id) + (1|problem_id) + (1|participant_id:TMS_Type) + (1|problem_id:TMS_Type),481.155459,541.054759
correctness ~ TMS_Type * session + (1|participant_id),661.995717,683.388324
correctness ~ TMS_Type * session + (1|problem_id),512.895456,534.288063
correctness ~ TMS_Type * session + (1|participant_id) + (1|problem_id),490.496264,516.167393
correctness ~ TMS_Type * session + (1|participant_id) + (1|participant_id:TMS_Type),663.345891,689.017020
correctness ~ TMS_Type * session + (1|problem_id) + (1|problem_id:TMS_Type),514.895455,540.566584
correctness ~ TMS_Type * session + (1|participant_id) + (1|problem_id) + (1|participant_id:TMS_Type),484.101128,514.050778
correctness ~ TMS_Type * session + (1|participant_id) + (1|problem_id) + (1|problem_id:TMS_Type),492.496235,522.445885
correctness ~ TMS_Type * session + (1|participant_id) + (1|problem_id) + (1|participant_id:TMS_Type) + (1|problem_id:TMS_Type),486.101162,520.329334
correctness ~ TMS_Type * coding_section_no + (1|participant_id),651.803503,673.196110
correctness ~ TMS_Type * coding_section_no + (1|problem_id),505.027286,526.419893
correctness ~ TMS_Type * coding_section_no + (1|participant_id) + (1|problem_id),482.319680,507.990808
correctness ~ TMS_Type * coding_section_no + (1|participant_id) + (1|participant_id:TMS_Type),652.899928,678.571057
correctness ~ TMS_Type * coding_section_no + (1|problem_id) + (1|problem_id:TMS_Type),507.027284,532.698412
correctness ~ TMS_Type * coding_section_no + (1|participant_id) + (1|problem_id) + (1|participant_id:TMS_Type),474.243188,504.192838
correctness ~ TMS_Type * coding_section_no + (1|participant_id) + (1|problem_id) + (1|problem_id:TMS_Type),484.319643,514.269293
correctness ~ TMS_Type * coding_section_no + (1|participant_id) + (1|problem_id) + (1|participant_id:TMS_Type) + (1|problem_id:TMS_Type),476.243188,510.471360
correctness ~ TMS_Type * problem_order + (1|participant_id),662.838123,684.230730
correctness ~ TMS_Type * problem_order + (1|problem_id),513.902245,535.294852
correctness ~ TMS_Type * problem_order + (1|participant_id) + (1|problem_id),492.191625,517.862754
correctness ~ TMS_Type * problem_order + (1|participant_id) + (1|participant_id:TMS_Type),663.896912,689.568040
correctness ~ TMS_Type * problem_order + (1|problem_id) + (1|problem_id:TMS_Type),515.902243,541.573372
correctness ~ TMS_Type * problem_order + (1|participant_id) + (1|problem_id) + (1|participant_id:TMS_Type),484.812147,514.761797
correctness ~ TMS_Type * problem_order + (1|participant_id) + (1|problem_id) + (1|problem_id:TMS_Type),494.191606,524.141256
correctness ~ TMS_Type * problem_order + (1|participant_id) + (1|problem_id) + (1|participant_id:TMS_Type) + (1|problem_id:TMS_Type),486.812158,521.040329
correctness ~ TMS_Type * problem_set + (1|participant_id),661.959217,683.351824
correctness ~ TMS_Type * problem_set + (1|problem_id),513.183657,534.576264
correctness ~ TMS_Type * problem_set + (1|participant_id) + (1|problem_id),492.802598,518.473726
correctness ~ TMS_Type * problem_set + (1|participant_id) + (1|participant_id:TMS_Type),663.032132,688.703261
correctness ~ TMS_Type * problem_set + (1|problem_id) + (1|problem_id:TMS_Type),515.183652,540.854781
correctness ~ TMS_Type * problem_set + (1|participant_id) + (1|problem_id) + (1|participant_id:TMS_Type),484.497357,514.447007
correctness ~ TMS_Type * problem_set + (1|participant_id) + (1|problem_id) + (1|problem_id:TMS_Type),494.802556,524.752206
correctness ~ TMS_Type * problem_set + (1|participant_id) + (1|problem_id) + (1|participant_id:TMS_Type) + (1|problem_id:TMS_Type),486.497412,520.725583
correctness ~ session * coding_section_no + (1|participant_id),652.080757,673.473364
correctness ~ session * coding_section_no + (1|problem_id),503.138401,524.531008
correctness ~ session * coding_section_no + (1|participant_id) + (1|problem_id),479.517167,505.188295
correctness ~ session * problem_order + (1|participant_id),661.500532,682.893139
correctness ~ session * problem_order + (1|problem_id),513.210076,534.602684
correctness ~ session * problem_order + (1|participant_id) + (1|problem_id),490.053428,515.724556
correctness ~ session * problem_set + (1|participant_id),661.553953,682.946560
correctness ~ session * problem_set + (1|problem_id),512.584123,533.976730
correctness ~ session * problem_set + (1|participant_id) + (1|problem_id),490.576088,516.247217
correctness ~ problem_set * coding_section_no + (1|participant_id),651.302991,672.695598
correctness ~ problem_set * coding_section_no + (1|problem_id),504.083287,525.475894
correctness ~ problem_set * coding_section_no + (1|participant_id) + (1|problem_id),481.937351,507.608480
correctness ~ problem_set * problem_order + (1|participant_id),660.164744,681.557351
correctness ~ problem_set * problem_order + (1|problem_id),514.243450,535.636057
correctness ~ problem_set * problem_order + (1|participant_id) + (1|problem_id),492.695770,518.366899
correctness ~ coding_section_no * problem_order + (1|participant_id),650.230116,671.622723
correctness ~ coding_section_no * problem_order + (1|problem_id),502.736489,524.129096
correctness ~ coding_section_no * problem_order + (1|participant_id) + (1|problem_id),480.577007,506.248136
correctness ~ TMS_Type * pain + (1|participant_id),662.857099,684.249706
correctness ~ TMS_Type * pain + (1|problem_id),515.348422,536.741029
correctness ~ TMS_Type * pain + (1|participant_id) + (1|problem_id),492.531501,518.202630
correctness ~ TMS_Type * pain + (1|participant_id) + (1|participant_id:TMS_Type),664.143062,689.814190
correctness ~ TMS_Type * pain + (1|problem_id) + (1|problem_id:TMS_Type),517.348420,543.019549
correctness ~ TMS_Type * pain + (1|participant_id) + (1|problem_id) + (1|participant_id:TMS_Type),485.608258,515.557908
correctness ~ TMS_Type * pain + (1|participant_id) + (1|problem_id) + (1|problem_id:TMS_Type),494.531480,524.481130
correctness ~ TMS_Type * pain + (1|participant_id) + (1|problem_id) + (1|participant_id:TMS_Type) + (1|problem_id:TMS_Type),487.608275,521.836446
correctness ~ TMS_Type * physical_symptoms + (1|participant_id),661.683869,678.797954
correctness ~ TMS_Type * physical_symptoms + (1|problem_id),513.836004,530.950090
correctness ~ TMS_Type * physical_symptoms + (1|participant_id) + (1|problem_id),491.879292,513.271899
correctness ~ TMS_Type * physical_symptoms + (1|participant_id) + (1|participant_id:TMS_Type),662.674912,684.067519
correctness ~ TMS_Type * physical_symptoms + (1|problem_id) + (1|problem_id:TMS_Type),515.836003,537.228610
correctness ~ TMS_Type * physical_symptoms + (1|participant_id) + (1|problem_id) + (1|participant_id:TMS_Type),483.771624,509.442753
correctness ~ TMS_Type * physical_symptoms + (1|participant_id) + (1|problem_id) + (1|problem_id:TMS_Type),493.879275,519.550404
correctness ~ TMS_Type * physical_symptoms + (1|participant_id) + (1|problem_id) + (1|participant_id:TMS_Type) + (1|problem_id:TMS_Type),485.771641,515.721291
correctness ~ TMS_Type * discomfort + (1|participant_id),660.994751,678.108837
correctness ~ TMS_Type * discomfort + (1|problem_id),513.800945,530.915030
correctness ~ TMS_Type * discomfort + (1|participant_id) + (1|problem_id),489.817251,511.209858
correctness ~ TMS_Type * discomfort + (1|participant_id) + (1|participant_id:TMS_Type),662.385836,683.778443
correctness ~ TMS_Type * discomfort + (1|problem_id) + (1|problem_id:TMS_Type),515.800943,537.193550
correctness ~ TMS_Type * discomfort + (1|participant_id) + (1|problem_id) + (1|participant_id:TMS_Type),483.559543,509.230672
correctness ~ TMS_Type * discomfort + (1|participant_id) + (1|problem_id) + (1|problem_id:TMS_Type),491.817228,517.488356
correctness ~ TMS_Type * discomfort + (1|participant_id) + (1|problem_id) + (1|participant_id:TMS_Type) + (1|problem_id:TMS_Type),485.559560,515.509210
correctness ~ TMS_Type * sensations + (1|participant_id),662.196785,683.589392
correctness ~ TMS_Type * sensations + (1|problem_id),512.962677,534.355284
correctness ~ TMS_Type * sensations + (1|participant_id) + (1|problem_id),490.823916,516.495044
correctness ~ TMS_Type * sensations + (1|participant_id) + (1|participant_id:TMS_Type),663.413635,689.084763
correctness ~ TMS_Type * sensations + (1|problem_id) + (1|problem_id:TMS_Type),514.962676,540.633804
correctness ~ TMS_Type * sensations + (1|participant_id) + (1|problem_id) + (1|participant_id:TMS_Type),484.279191,514.228841
correctness ~ TMS_Type * sensations + (1|participant_id) + (1|problem_id) + (1|problem_id:TMS_Type),492.823892,522.773542
correctness ~ TMS_Type * sensations + (1|participant_id) + (1|problem_id) + (1|participant_id:TMS_Type) + (1|problem_id:TMS_Type),486.279220,520.507391
correctness ~ session * pain + (1|participant_id),661.873837,683.266444
correctness ~ session * pain + (1|problem_id),513.429716,534.822323
correctness ~ session * pain + (1|participant_id) + (1|problem_id),489.161909,514.833037
correctness ~ session * physical_symptoms + (1|participant_id),662.231998,683.624605
correctness ~ session * physical_symptoms + (1|problem_id),509.918445,531.311052
correctness ~ session * physical_symptoms + (1|participant_id) + (1|problem_id),491.199180,516.870309
correctness ~ session * discomfort + (1|participant_id),661.607955,683.000562
correctness ~ session * discomfort + (1|problem_id),512.037714,533.430321
correctness ~ session * discomfort + (1|participant_id) + (1|problem_id),488.400526,514.071655
correctness ~ session * sensations + (1|participant_id),660.882117,682.274724
correctness ~ session * sensations + (1|problem_id),511.215327,532.607934
correctness ~ session * sensations + (1|participant_id) + (1|problem_id),485.997586,511.668714
correctness ~ coding_section_no * pain + (1|participant_id),651.186966,672.579573
correctness ~ coding_section_no * pain + (1|problem_id),506.005190,527.397797
correctness ~ coding_section_no * pain + (1|participant_id) + (1|problem_id),481.042377,506.713506
correctness ~ coding_section_no * physical_symptoms + (1|participant_id),653.371563,674.764170
correctness ~ coding_section_no * physical_symptoms + (1|problem_id),505.775632,527.168239
correctness ~ coding_section_no * physical_symptoms + (1|participant_id) + (1|problem_id),483.339143,509.010271
correctness ~ coding_section_no * discomfort + (1|participant_id),652.412427,673.805034
correctness ~ coding_section_no * discomfort + (1|problem_id),505.438023,526.830631
correctness ~ coding_section_no * discomfort + (1|participant_id) + (1|problem_id),480.295483,505.966612
correctness ~ coding_section_no * sensations + (1|participant_id),652.361457,673.754064
correctness ~ coding_section_no * sensations + (1|problem_id),503.852484,525.245091
correctness ~ coding_section_no * sensations + (1|participant_id) + (1|problem_id),480.047872,505.719001
correctness ~ problem_order * pain + (1|participant_id),661.664206,683.056813
correctness ~ problem_order * pain + (1|problem_id),515.832996,537.225603
correctness ~ problem_order * pain + (1|participant_id) + (1|problem_id),492.027534,517.698662
correctness ~ problem_order * physical_symptoms + (1|participant_id),664.070604,685.463211
correctness ~ problem_order * physical_symptoms + (1|problem_id),515.806895,537.199502
correctness ~ problem_order * physical_symptoms + (1|participant_id) + (1|problem_id),494.170880,519.842009
correctness ~ problem_order * discomfort + (1|participant_id),661.869223,683.261830
correctness ~ problem_order * discomfort + (1|problem_id),513.450281,534.842888
correctness ~ problem_order * discomfort + (1|participant_id) + (1|problem_id),489.467941,515.139069
correctness ~ problem_order * sensations + (1|participant_id),662.487433,683.880040
correctness ~ problem_order * sensations + (1|problem_id),514.123118,535.515725
correctness ~ problem_order * sensations + (1|participant_id) + (1|problem_id),491.489179,517.160308
correctness ~ problem_set * pain + (1|participant_id),662.632103,684.024710
correctness ~ problem_set * pain + (1|problem_id),514.887157,536.279764
correctness ~ problem_set * pain + (1|participant_id) + (1|problem_id),492.488233,518.159362
correctness ~ problem_set * physical_symptoms + (1|participant_id),662.906206,684.298814
correctness ~ problem_set * physical_symptoms + (1|problem_id),515.277818,536.670426
correctness ~ problem_set * physical_symptoms + (1|participant_id) + (1|problem_id),493.588337,519.259466
correctness ~ problem_set * discomfort + (1|participant_id),662.602303,683.994910
correctness ~ problem_set * discomfort + (1|problem_id),515.349667,536.742274
correctness ~ problem_set * discomfort + (1|participant_id) + (1|problem_id),491.469086,517.140214
correctness ~ problem_set * sensations + (1|participant_id),660.100251,681.492858
correctness ~ problem_set * sensations + (1|problem_id),510.249875,531.642482
correctness ~ problem_set * sensations + (1|participant_id) + (1|problem_id),489.182692,514.853821
correctness ~ TMS_Type * session + problem_set + coding_section_no + problem_order + pain + physical_symptoms + discomfort + sensations + (1|participant_id),659.833341,711.175598
correctness ~ TMS_Type * session + problem_set + coding_section_no + problem_order + pain + physical_symptoms + discomfort + sensations + (1|problem_id),508.884324,560.226581
correctness ~ TMS_Type * session + problem_set + coding_section_no + problem_order + pain + physical_symptoms + discomfort + sensations + (1|participant_id) + (1|problem_id),481.415091,537.035870
correctness ~ TMS_Type * session + problem_set + coding_section_no + problem_order + pain + physical_symptoms + discomfort + sensations + (1|participant_id) + (1|participant_id:TMS_Type),661.830935,717.451713
correctness ~ TMS_Type * session + problem_set + coding_section_no + problem_order + pain + physical_symptoms + discomfort + sensations + (1|problem_id) + (1|problem_id:TMS_Type),510.884321,566.505099
correctness ~ TMS_Type * session + problem_set + coding_section_no + problem_order + pain + physical_symptoms + discomfort + sensations + (1|participant_id) + (1|problem_id) + (1|participant_id:TMS_Type),481.061863,540.961163
correctness ~ TMS_Type * session + problem_set + coding_section_no + problem_order + pain + physical_symptoms + discomfort + sensations + (1|participant_id) + (1|problem_id) + (1|problem_id:TMS_Type),483.415332,543.314632
correctness ~ TMS_Type * session + problem_set + coding_section_no + problem_order + pain + physical_symptoms + discomfort + sensations + (1|participant_id) + (1|problem_id) + (1|participant_id:TMS_Type) + (1|problem_id:TMS_Type),483.061537,547.239358
correctness ~ TMS_Type * problem_set + session + coding_section_no + problem_order + pain + physical_symptoms + discomfort + sensations + (1|participant_id),659.592790,710.935047
correctness ~ TMS_Type * problem_set + session + coding_section_no + problem_order + pain + physical_symptoms + discomfort + sensations + (1|problem_id),507.394358,558.736615
correctness ~ TMS_Type * problem_set + session + coding_section_no + problem_order + pain + physical_symptoms + discomfort + sensations + (1|participant_id) + (1|problem_id),481.395674,537.016453
correctness ~ TMS_Type * problem_set + session + coding_section_no + problem_order + pain + physical_symptoms + discomfort + sensations + (1|participant_id) + (1|participant_id:TMS_Type),661.581551,717.202330
correctness ~ TMS_Type * problem_set + session + coding_section_no + problem_order + pain + physical_symptoms + discomfort + sensations + (1|problem_id) + (1|problem_id:TMS_Type),509.394347,565.015125
correctness ~ TMS_Type * problem_set + session + coding_section_no + problem_order + pain + physical_symptoms + discomfort + sensations + (1|participant_id) + (1|problem_id) + (1|participant_id:TMS_Type),480.907494,540.806794
correctness ~ TMS_Type * problem_set + session + coding_section_no + problem_order + pain + physical_symptoms + discomfort + sensations + (1|participant_id) + (1|problem_id) + (1|problem_id:TMS_Type),483.395793,543.295093
correctness ~ TMS_Type * problem_set + session + coding_section_no + problem_order + pain + physical_symptoms + discomfort + sensations + (1|participant_id) + (1|problem_id) + (1|participant_id:TMS_Type) + (1|problem_id:TMS_Type),482.907410,547.085231
correctness ~ TMS_Type * coding_section_no + session + problem_set + problem_order + pain + physical_symptoms + discomfort + sensations + (1|participant_id),659.144135,710.486392
correctness ~ TMS_Type * coding_section_no + session + problem_set + problem_order + pain + physical_symptoms + discomfort + sensations + (1|problem_id),508.935569,560.277827
correctness ~ TMS_Type * coding_section_no + session + problem_set + problem_order + pain + physical_symptoms + discomfort + sensations + (1|participant_id) + (1|problem_id),481.469071,537.089849
correctness ~ TMS_Type * coding_section_no + session + problem_set + problem_order + pain + physical_symptoms + discomfort + sensations + (1|participant_id) + (1|participant_id:TMS_Type),661.141678,716.762457
correctness ~ TMS_Type * coding_section_no + session + problem_set + problem_order + pain + physical_symptoms + discomfort + sensations + (1|problem_id) + (1|problem_id:TMS_Type),510.935562,566.556340
correctness ~ TMS_Type * coding_section_no + session + problem_set + problem_order + pain + physical_symptoms + discomfort + sensations + (1|participant_id) + (1|problem_id) + (1|participant_id:TMS_Type),481.108254,541.007554
correctness ~ TMS_Type * coding_section_no + session + problem_set + problem_order + pain + physical_symptoms + discomfort + sensations + (1|participant_id) + (1|problem_id) + (1|problem_id:TMS_Type),483.469305,543.368605
correctness ~ TMS_Type * coding_section_no + session + problem_set + problem_order + pain + physical_symptoms + discomfort + sensations + (1|participant_id) + (1|problem_id) + (1|participant_id:TMS_Type) + (1|problem_id:TMS_Type),483.107518,547.285339
correctness ~ TMS_Type * problem_order + session + problem_set + coding_section_no + pain + physical_symptoms + discomfort + sensations + (1|participant_id),659.762004,711.104261
correctness ~ TMS_Type * problem_order + session + problem_set + coding_section_no + pain + physical_symptoms + discomfort + sensations + (1|problem_id),508.496236,559.838493
correctness ~ TMS_Type * problem_order + session + problem_set + coding_section_no + pain + physical_symptoms + discomfort + sensations + (1|participant_id) + (1|problem_id),481.045146,536.665925
correctness ~ TMS_Type * problem_order + session + problem_set + coding_section_no + pain + physical_symptoms + discomfort + sensations + (1|participant_id) + (1|participant_id:TMS_Type),661.760237,717.381015
correctness ~ TMS_Type * problem_order + session + problem_set + coding_section_no + pain + physical_symptoms + discomfort + sensations + (1|problem_id) + (1|problem_id:TMS_Type),510.496234,566.117013
correctness ~ TMS_Type * problem_order + session + problem_set + coding_section_no + pain + physical_symptoms + discomfort + sensations + (1|participant_id) + (1|problem_id) + (1|participant_id:TMS_Type),480.899991,540.799291
correctness ~ TMS_Type * problem_order + session + problem_set + coding_section_no + pain + physical_symptoms + discomfort + sensations + (1|participant_id) + (1|problem_id) + (1|problem_id:TMS_Type),483.044370,542.943670
correctness ~ TMS_Type * problem_order + session + problem_set + coding_section_no + pain + physical_symptoms + discomfort + sensations + (1|participant_id) + (1|problem_id) + (1|participant_id:TMS_Type) + (1|problem_id:TMS_Type),482.899870,547.077691
correctness ~ session * problem_set + TMS_Type + coding_section_no + problem_order + pain + physical_symptoms + discomfort + sensations + (1|participant_id),659.590686,710.932943
correctness ~ session * problem_set + TMS_Type + coding_section_no + problem_order + pain + physical_symptoms + discomfort + sensations + (1|problem_id),508.914534,560.256791
correctness ~ session * problem_set + TMS_Type + coding_section_no + problem_order + pain + physical_symptoms + discomfort + sensations + (1|participant_id) + (1|problem_id),481.466153,537.086932
correctness ~ session * problem_set + TMS_Type + coding_section_no + problem_order + pain + physical_symptoms + discomfort + sensations + (1|participant_id) + (1|participant_id:TMS_Type),661.589277,717.210055
correctness ~ session * problem_set + TMS_Type + coding_section_no + problem_order + pain + physical_symptoms + discomfort + sensations + (1|problem_id) + (1|problem_id:TMS_Type),510.914532,566.535311
correctness ~ session * problem_set + TMS_Type + coding_section_no + problem_order + pain + physical_symptoms + discomfort + sensations + (1|participant_id) + (1|problem_id) + (1|participant_id:TMS_Type),481.119006,541.018306
correctness ~ session * problem_set + TMS_Type + coding_section_no + problem_order + pain + physical_symptoms + discomfort + sensations + (1|participant_id) + (1|problem_id) + (1|problem_id:TMS_Type),483.464182,543.363482
correctness ~ session * problem_set + TMS_Type + coding_section_no + problem_order + pain + physical_symptoms + discomfort + sensations + (1|participant_id) + (1|problem_id) + (1|participant_id:TMS_Type) + (1|problem_id:TMS_Type),483.118863,547.296684
correctness ~ session * coding_section_no + TMS_Type + problem_set + problem_order + pain + physical_symptoms + discomfort + sensations + (1|participant_id),659.725250,711.067507
correctness ~ session * coding_section_no + TMS_Type + problem_set + problem_order + pain + physical_symptoms + discomfort + sensations + (1|problem_id),508.777081,560.119338
correctness ~ session * coding_section_no + TMS_Type + problem_set + problem_order + pain + physical_symptoms + discomfort + sensations + (1|participant_id) + (1|problem_id),481.161872,536.782650
correctness ~ session * coding_section_no + TMS_Type + problem_set + problem_order + pain + physical_symptoms + discomfort + sensations + (1|participant_id) + (1|participant_id:TMS_Type),661.721988,717.342766
correctness ~ session * coding_section_no + TMS_Type + problem_set + problem_order + pain + physical_symptoms + discomfort + sensations + (1|problem_id) + (1|problem_id:TMS_Type),510.777061,566.397840
correctness ~ session * coding_section_no + TMS_Type + problem_set + problem_order + pain + physical_symptoms + discomfort + sensations + (1|participant_id) + (1|problem_id) + (1|participant_id:TMS_Type),480.819352,540.718652
correctness ~ session * coding_section_no + TMS_Type + problem_set + problem_order + pain + physical_symptoms + discomfort + sensations + (1|participant_id) + (1|problem_id) + (1|problem_id:TMS_Type),483.159789,543.059089
correctness ~ session * coding_section_no + TMS_Type + problem_set + problem_order + pain + physical_symptoms + discomfort + sensations + (1|participant_id) + (1|problem_id) + (1|participant_id:TMS_Type) + (1|problem_id:TMS_Type),482.818978,546.996800
correctness ~ session * problem_order + TMS_Type + problem_set + coding_section_no + pain + physical_symptoms + discomfort + sensations + (1|participant_id),658.194908,709.537165
correctness ~ session * problem_order + TMS_Type + problem_set + coding_section_no + pain + physical_symptoms + discomfort + sensations + (1|problem_id),508.649106,559.991363
correctness ~ session * problem_order + TMS_Type + problem_set + coding_section_no + pain + physical_symptoms + discomfort + sensations + (1|participant_id) + (1|problem_id),480.373151,535.993929
correctness ~ session * problem_order + TMS_Type + problem_set + coding_section_no + pain + physical_symptoms + discomfort + sensations + (1|participant_id) + (1|participant_id:TMS_Type),660.194910,715.815688
correctness ~ session * problem_order + TMS_Type + problem_set + coding_section_no + pain + physical_symptoms + discomfort + sensations + (1|problem_id) + (1|problem_id:TMS_Type),510.649116,566.269895
correctness ~ session * problem_order + TMS_Type + problem_set + coding_section_no + pain + physical_symptoms + discomfort + sensations + (1|participant_id) + (1|problem_id) + (1|participant_id:TMS_Type),480.305387,540.204687
correctness ~ session * problem_order + TMS_Type + problem_set + coding_section_no + pain + physical_symptoms + discomfort + sensations + (1|participant_id) + (1|problem_id) + (1|problem_id:TMS_Type),482.371817,542.271117
correctness ~ session * problem_order + TMS_Type + problem_set + coding_section_no + pain + physical_symptoms + discomfort + sensations + (1|participant_id) + (1|problem_id) + (1|participant_id:TMS_Type) + (1|problem_id:TMS_Type),482.305492,546.483314
correctness ~ problem_set * coding_section_no + TMS_Type + session + problem_order + pain + physical_symptoms + discomfort + sensations + (1|participant_id),658.920439,710.262696
correctness ~ problem_set * coding_section_no + TMS_Type + session + problem_order + pain + physical_symptoms + discomfort + sensations + (1|problem_id),508.668663,560.010921
correctness ~ problem_set * coding_section_no + TMS_Type + session + problem_order + pain + physical_symptoms + discomfort + sensations + (1|participant_id) + (1|problem_id),481.370912,536.991690
correctness ~ problem_set * coding_section_no + TMS_Type + session + problem_order + pain + physical_symptoms + discomfort + sensations + (1|participant_id) + (1|participant_id:TMS_Type),660.911698,716.532477
correctness ~ problem_set * coding_section_no + TMS_Type + session + problem_order + pain + physical_symptoms + discomfort + sensations + (1|problem_id) + (1|problem_id:TMS_Type),510.668670,566.289448
correctness ~ problem_set * coding_section_no + TMS_Type + session + problem_order + pain + physical_symptoms + discomfort + sensations + (1|participant_id) + (1|problem_id) + (1|participant_id:TMS_Type),480.987192,540.886492
correctness ~ problem_set * coding_section_no + TMS_Type + session + problem_order + pain + physical_symptoms + discomfort + sensations + (1|participant_id) + (1|problem_id) + (1|problem_id:TMS_Type),483.368459,543.267759
correctness ~ problem_set * coding_section_no + TMS_Type + session + problem_order + pain + physical_symptoms + discomfort + sensations + (1|participant_id) + (1|problem_id) + (1|participant_id:TMS_Type) + (1|problem_id:TMS_Type),482.986864,547.164686
correctness ~ problem_set * problem_order + TMS_Type + session + coding_section_no + pain + physical_symptoms + discomfort + sensations + (1|participant_id),655.506505,706.848763
correctness ~ problem_set * problem_order + TMS_Type + session + coding_section_no + pain + physical_symptoms + discomfort + sensations + (1|problem_id),507.125674,558.467931
correctness ~ problem_set * problem_order + TMS_Type + session + coding_section_no + pain + physical_symptoms + discomfort + sensations + (1|participant_id) + (1|problem_id),478.142670,533.763449
correctness ~ problem_set * problem_order + TMS_Type + session + coding_section_no + pain + physical_symptoms + discomfort + sensations + (1|participant_id) + (1|participant_id:TMS_Type),657.506517,713.127295
correctness ~ problem_set * problem_order + TMS_Type + session + coding_section_no + pain + physical_symptoms + discomfort + sensations + (1|problem_id) + (1|problem_id:TMS_Type),509.125681,564.746459
correctness ~ problem_set * problem_order + TMS_Type + session + coding_section_no + pain + physical_symptoms + discomfort + sensations + (1|participant_id) + (1|problem_id) + (1|participant_id:TMS_Type),478.061110,537.960410
correctness ~ problem_set * problem_order + TMS_Type + session + coding_section_no + pain + physical_symptoms + discomfort + sensations + (1|participant_id) + (1|problem_id) + (1|problem_id:TMS_Type),480.142305,540.041605
correctness ~ problem_set * problem_order + TMS_Type + session + coding_section_no + pain + physical_symptoms + discomfort + sensations + (1|participant_id) + (1|problem_id) + (1|participant_id:TMS_Type) + (1|problem_id:TMS_Type),480.061287,544.239109
correctness ~ coding_section_no * problem_order + TMS_Type + session + problem_set + pain + physical_symptoms + discomfort + sensations + (1|participant_id),656.771556,708.113813
correctness ~ coding_section_no * problem_order + TMS_Type + session + problem_set + pain + physical_symptoms + discomfort + sensations + (1|problem_id),506.198987,557.541244
correctness ~ coding_section_no * problem_order + TMS_Type + session + problem_set + pain + physical_symptoms + discomfort + sensations + (1|participant_id) + (1|problem_id),479.378401,534.999179
correctness ~ coding_section_no * problem_order + TMS_Type + session + problem_set + pain + physical_symptoms + discomfort + sensations + (1|participant_id) + (1|participant_id:TMS_Type),658.771564,714.392343
correctness ~ coding_section_no * problem_order + TMS_Type + session + problem_set + pain + physical_symptoms + discomfort + sensations + (1|problem_id) + (1|problem_id:TMS_Type),508.199033,563.819812
correctness ~ coding_section_no * problem_order + TMS_Type + session + problem_set + pain + physical_symptoms + discomfort + sensations + (1|participant_id) + (1|problem_id) + (1|participant_id:TMS_Type),479.124562,539.023862
correctness ~ coding_section_no * problem_order + TMS_Type + session + problem_set + pain + physical_symptoms + discomfort + sensations + (1|participant_id) + (1|problem_id) + (1|problem_id:TMS_Type),481.376494,541.275794
correctness ~ coding_section_no * problem_order + TMS_Type + session + problem_set + pain + physical_symptoms + discomfort + sensations + (1|participant_id) + (1|problem_id) + (1|participant_id:TMS_Type) + (1|problem_id:TMS_Type),481.124469,545.302291
correctness ~ TMS_Type * pain + session + problem_set + coding_section_no + problem_order + (1|participant_id),657.215980,695.722673
correctness ~ TMS_Type * pain + session + problem_set + coding_section_no + problem_order + (1|problem_id),507.075419,545.582112
correctness ~ TMS_Type * pain + session + problem_set + coding_section_no + problem_order + (1|participant_id) + (1|problem_id),483.875319,526.660533
correctness ~ TMS_Type * pain + session + problem_set + coding_section_no + problem_order + (1|participant_id) + (1|participant_id:TMS_Type),658.696648,701.481862
correctness ~ TMS_Type * pain + session + problem_set + coding_section_no + problem_order + (1|problem_id) + (1|problem_id:TMS_Type),509.075445,551.860659
correctness ~ TMS_Type * pain + session + problem_set + coding_section_no + problem_order + (1|participant_id) + (1|problem_id) + (1|participant_id:TMS_Type),478.746484,525.810220
correctness ~ TMS_Type * pain + session + problem_set + coding_section_no + problem_order + (1|participant_id) + (1|problem_id) + (1|problem_id:TMS_Type),485.874621,532.938357
correctness ~ TMS_Type * pain + session + problem_set + coding_section_no + problem_order + (1|participant_id) + (1|problem_id) + (1|participant_id:TMS_Type) + (1|problem_id:TMS_Type),480.746347,532.088604
correctness ~ TMS_Type * physical_symptoms + session + problem_set + coding_section_no + problem_order + (1|participant_id),655.969626,690.197798
correctness ~ TMS_Type * physical_symptoms + session + problem_set + coding_section_no + problem_order + (1|problem_id),505.928669,540.156841
correctness ~ TMS_Type * physical_symptoms + session + problem_set + coding_section_no + problem_order + (1|participant_id) + (1|problem_id),483.285713,521.792406
correctness ~ TMS_Type * physical_symptoms + session + problem_set + coding_section_no + problem_order + (1|participant_id) + (1|participant_id:TMS_Type),657.240532,695.747225
correctness ~ TMS_Type * physical_symptoms + session + problem_set + coding_section_no + problem_order + (1|problem_id) + (1|problem_id:TMS_Type),507.928661,546.435354
correctness ~ TMS_Type * physical_symptoms + session + problem_set + coding_section_no + problem_order + (1|participant_id) + (1|problem_id) + (1|participant_id:TMS_Type),477.110592,519.895806
correctness ~ TMS_Type * physical_symptoms + session + problem_set + coding_section_no + problem_order + (1|participant_id) + (1|problem_id) + (1|problem_id:TMS_Type),485.284524,528.069738
correctness ~ TMS_Type * physical_symptoms + session + problem_set + coding_section_no + problem_order + (1|participant_id) + (1|problem_id) + (1|participant_id:TMS_Type) + (1|problem_id:TMS_Type),479.110460,526.174195
correctness ~ TMS_Type * discomfort + session + problem_set + coding_section_no + problem_order + (1|participant_id),655.792580,690.020752
correctness ~ TMS_Type * discomfort + session + problem_set + coding_section_no + problem_order + (1|problem_id),505.950101,540.178272
correctness ~ TMS_Type * discomfort + session + problem_set + coding_section_no + problem_order + (1|participant_id) + (1|problem_id),482.056010,520.562703
correctness ~ TMS_Type * discomfort + session + problem_set + coding_section_no + problem_order + (1|participant_id) + (1|participant_id:TMS_Type),657.192376,695.699069
correctness ~ TMS_Type * discomfort + session + problem_set + coding_section_no + problem_order + (1|problem_id) + (1|problem_id:TMS_Type),507.950093,546.456786
correctness ~ TMS_Type * discomfort + session + problem_set + coding_section_no + problem_order + (1|participant_id) + (1|problem_id) + (1|participant_id:TMS_Type),476.969095,519.754309
correctness ~ TMS_Type * discomfort + session + problem_set + coding_section_no + problem_order + (1|participant_id) + (1|problem_id) + (1|problem_id:TMS_Type),484.055647,526.840862
correctness ~ TMS_Type * discomfort + session + problem_set + coding_section_no + problem_order + (1|participant_id) + (1|problem_id) + (1|participant_id:TMS_Type) + (1|problem_id:TMS_Type),478.968436,526.032172
correctness ~ TMS_Type * sensations + session + problem_set + coding_section_no + problem_order + (1|participant_id),654.848619,693.355311
correctness ~ TMS_Type * sensations + session + problem_set + coding_section_no + problem_order + (1|problem_id),503.715854,542.222547
correctness ~ TMS_Type * sensations + session + problem_set + coding_section_no + problem_order + (1|participant_id) + (1|problem_id),479.977383,522.762598
correctness ~ TMS_Type * sensations + session + problem_set + coding_section_no + problem_order + (1|participant_id) + (1|participant_id:TMS_Type),656.593922,699.379136
correctness ~ TMS_Type * sensations + session + problem_set + coding_section_no + problem_order + (1|problem_id) + (1|problem_id:TMS_Type),505.715845,548.501059
correctness ~ TMS_Type * sensations + session + problem_set + coding_section_no + problem_order + (1|participant_id) + (1|problem_id) + (1|participant_id:TMS_Type),476.569572,523.633308
correctness ~ TMS_Type * sensations + session + problem_set + coding_section_no + problem_order + (1|participant_id) + (1|problem_id) + (1|problem_id:TMS_Type),481.977244,529.040980
correctness ~ TMS_Type * sensations + session + problem_set + coding_section_no + problem_order + (1|participant_id) + (1|problem_id) + (1|participant_id:TMS_Type) + (1|problem_id:TMS_Type),478.570077,529.912334
correctness ~ TMS_Type * session + problem_set * coding_section_no + problem_order + pain + physical_symptoms + discomfort + sensations + (1|participant_id),660.920451,716.541229
correctness ~ TMS_Type * session + problem_set * coding_section_no + problem_order + pain + physical_symptoms + discomfort + sensations + (1|problem_id),510.609454,566.230233
correctness ~ TMS_Type * session + problem_set * coding_section_no + problem_order + pain + physical_symptoms + discomfort + sensations + (1|participant_id) + (1|problem_id),483.265802,543.165102
correctness ~ TMS_Type * session + problem_set * coding_section_no + problem_order + pain + physical_symptoms + discomfort + sensations + (1|participant_id) + (1|participant_id:TMS_Type),662.911679,722.810979
correctness ~ TMS_Type * session + problem_set * coding_section_no + problem_order + pain + physical_symptoms + discomfort + sensations + (1|problem_id) + (1|problem_id:TMS_Type),512.609430,572.508730
correctness ~ TMS_Type * session + problem_set * coding_section_no + problem_order + pain + physical_symptoms + discomfort + sensations + (1|participant_id) + (1|problem_id) + (1|participant_id:TMS_Type),482.894279,547.072101
correctness ~ TMS_Type * session + problem_set * coding_section_no + problem_order + pain + physical_symptoms + discomfort + sensations + (1|participant_id) + (1|problem_id) + (1|problem_id:TMS_Type),485.266056,549.443877
correctness ~ TMS_Type * session + problem_set * coding_section_no + problem_order + pain + physical_symptoms + discomfort + sensations + (1|participant_id) + (1|problem_id) + (1|participant_id:TMS_Type) + (1|problem_id:TMS_Type),484.894425,553.350768
correctness ~ TMS_Type * session + problem_set * problem_order + coding_section_no + pain + physical_symptoms + discomfort + sensations + (1|participant_id),657.506268,713.127047
correctness ~ TMS_Type * session + problem_set * problem_order + coding_section_no + pain + physical_symptoms + discomfort + sensations + (1|problem_id),509.018356,564.639134
correctness ~ TMS_Type * session + problem_set * problem_order + coding_section_no + pain + physical_symptoms + discomfort + sensations + (1|participant_id) + (1|problem_id),480.030097,539.929397
correctness ~ TMS_Type * session + problem_set * problem_order + coding_section_no + pain + physical_symptoms + discomfort + sensations + (1|participant_id) + (1|participant_id:TMS_Type),659.506272,719.405572
correctness ~ TMS_Type * session + problem_set * problem_order + coding_section_no + pain + physical_symptoms + discomfort + sensations + (1|problem_id) + (1|problem_id:TMS_Type),511.018337,570.917637
correctness ~ TMS_Type * session + problem_set * problem_order + coding_section_no + pain + physical_symptoms + discomfort + sensations + (1|participant_id) + (1|problem_id) + (1|participant_id:TMS_Type),479.960843,544.138664
correctness ~ TMS_Type * session + problem_set * problem_order + coding_section_no + pain + physical_symptoms + discomfort + sensations + (1|participant_id) + (1|problem_id) + (1|problem_id:TMS_Type),482.030716,546.208537
correctness ~ TMS_Type * session + problem_set * problem_order + coding_section_no + pain + physical_symptoms + discomfort + sensations + (1|participant_id) + (1|problem_id) + (1|participant_id:TMS_Type) + (1|problem_id:TMS_Type),481.961202,550.417545
correctness ~ TMS_Type * session + coding_section_no * problem_order + problem_set + pain + physical_symptoms + discomfort + sensations + (1|participant_id),658.771049,714.391827
correctness ~ TMS_Type * session + coding_section_no * problem_order + problem_set + pain + physical_symptoms + discomfort + sensations + (1|problem_id),508.138239,563.759017
correctness ~ TMS_Type * session + coding_section_no * problem_order + problem_set + pain + physical_symptoms + discomfort + sensations + (1|participant_id) + (1|problem_id),481.288895,541.188195
correctness ~ TMS_Type * session + coding_section_no * problem_order + problem_set + pain + physical_symptoms + discomfort + sensations + (1|participant_id) + (1|participant_id:TMS_Type),660.771051,720.670351
correctness ~ TMS_Type * session + coding_section_no * problem_order + problem_set + pain + physical_symptoms + discomfort + sensations + (1|problem_id) + (1|problem_id:TMS_Type),510.138361,570.037661
correctness ~ TMS_Type * session + coding_section_no * problem_order + problem_set + pain + physical_symptoms + discomfort + sensations + (1|participant_id) + (1|problem_id) + (1|participant_id:TMS_Type),481.046842,545.224663
correctness ~ TMS_Type * session + coding_section_no * problem_order + problem_set + pain + physical_symptoms + discomfort + sensations + (1|participant_id) + (1|problem_id) + (1|problem_id:TMS_Type),483.289142,547.466963
correctness ~ TMS_Type * session + coding_section_no * problem_order + problem_set + pain + physical_symptoms + discomfort + sensations + (1|participant_id) + (1|problem_id) + (1|participant_id:TMS_Type) + (1|problem_id:TMS_Type),483.046392,551.502734
correctness ~ TMS_Type * problem_set + session * coding_section_no + problem_order + pain + physical_symptoms + discomfort + sensations + (1|participant_id),661.486004,717.106782
correctness ~ TMS_Type * problem_set + session * coding_section_no + problem_order + pain + physical_symptoms + discomfort + sensations + (1|problem_id),509.241173,564.861951
correctness ~ TMS_Type * problem_set + session * coding_section_no + problem_order + pain + physical_symptoms + discomfort + sensations + (1|participant_id) + (1|problem_id),483.032603,542.931903
correctness ~ TMS_Type * problem_set + session * coding_section_no + problem_order + pain + physical_symptoms + discomfort + sensations + (1|participant_id) + (1|participant_id:TMS_Type),663.473000,723.372300
correctness ~ TMS_Type * problem_set + session * coding_section_no + problem_order + pain + physical_symptoms + discomfort + sensations + (1|problem_id) + (1|problem_id:TMS_Type),511.241145,571.140445
correctness ~ TMS_Type * problem_set + session * coding_section_no + problem_order + pain + physical_symptoms + discomfort + sensations + (1|participant_id) + (1|problem_id) + (1|participant_id:TMS_Type),482.568123,546.745945
correctness ~ TMS_Type * problem_set + session * coding_section_no + problem_order + pain + physical_symptoms + discomfort + sensations + (1|participant_id) + (1|problem_id) + (1|problem_id:TMS_Type),485.034408,549.212229
correctness ~ TMS_Type * problem_set + session * coding_section_no + problem_order + pain + physical_symptoms + discomfort + sensations + (1|participant_id) + (1|problem_id) + (1|participant_id:TMS_Type) + (1|problem_id:TMS_Type),484.568314,553.024657
correctness ~ TMS_Type * problem_set + session * problem_order + coding_section_no + pain + physical_symptoms + discomfort + sensations + (1|participant_id),659.957864,715.578642
correctness ~ TMS_Type * problem_set + session * problem_order + coding_section_no + pain + physical_symptoms + discomfort + sensations + (1|problem_id),509.034399,564.655178
correctness ~ TMS_Type * problem_set + session * problem_order + coding_section_no + pain + physical_symptoms + discomfort + sensations + (1|participant_id) + (1|problem_id),482.250951,542.150251
correctness ~ TMS_Type * problem_set + session * problem_order + coding_section_no + pain + physical_symptoms + discomfort + sensations + (1|participant_id) + (1|participant_id:TMS_Type),661.957860,721.857159
correctness ~ TMS_Type * problem_set + session * problem_order + coding_section_no + pain + physical_symptoms + discomfort + sensations + (1|problem_id) + (1|problem_id:TMS_Type),511.034425,570.933725
correctness ~ TMS_Type * problem_set + session * problem_order + coding_section_no + pain + physical_symptoms + discomfort + sensations + (1|participant_id) + (1|problem_id) + (1|participant_id:TMS_Type),482.072781,546.250602
correctness ~ TMS_Type * problem_set + session * problem_order + coding_section_no + pain + physical_symptoms + discomfort + sensations + (1|participant_id) + (1|problem_id) + (1|problem_id:TMS_Type),484.249555,548.427376
correctness ~ TMS_Type * problem_set + session * problem_order + coding_section_no + pain + physical_symptoms + discomfort + sensations + (1|participant_id) + (1|problem_id) + (1|participant_id:TMS_Type) + (1|problem_id:TMS_Type),484.073146,552.529489
correctness ~ TMS_Type * problem_set + coding_section_no * problem_order + session + pain + physical_symptoms + discomfort + sensations + (1|participant_id),658.501242,714.122020
correctness ~ TMS_Type * problem_set + coding_section_no * problem_order + session + pain + physical_symptoms + discomfort + sensations + (1|problem_id),506.518326,562.139105
correctness ~ TMS_Type * problem_set + coding_section_no * problem_order + session + pain + physical_symptoms + discomfort + sensations + (1|participant_id) + (1|problem_id),481.232556,541.131856
correctness ~ TMS_Type * problem_set + coding_section_no * problem_order + session + pain + physical_symptoms + discomfort + sensations + (1|participant_id) + (1|participant_id:TMS_Type),660.500566,720.399866
correctness ~ TMS_Type * problem_set + coding_section_no * problem_order + session + pain + physical_symptoms + discomfort + sensations + (1|problem_id) + (1|problem_id:TMS_Type),508.518425,568.417725
correctness ~ TMS_Type * problem_set + coding_section_no * problem_order + session + pain + physical_symptoms + discomfort + sensations + (1|participant_id) + (1|problem_id) + (1|participant_id:TMS_Type),480.850203,545.028024
correctness ~ TMS_Type * problem_set + coding_section_no * problem_order + session + pain + physical_symptoms + discomfort + sensations + (1|participant_id) + (1|problem_id) + (1|problem_id:TMS_Type),483.231868,547.409689
correctness ~ TMS_Type * problem_set + coding_section_no * problem_order + session + pain + physical_symptoms + discomfort + sensations + (1|participant_id) + (1|problem_id) + (1|participant_id:TMS_Type) + (1|problem_id:TMS_Type),482.850124,551.306467
correctness ~ TMS_Type * coding_section_no + session * problem_set + problem_order + pain + physical_symptoms + discomfort + sensations + (1|participant_id),660.894774,716.515552
correctness ~ TMS_Type * coding_section_no + session * problem_set + problem_order + pain + physical_symptoms + discomfort + sensations + (1|problem_id),510.900513,566.521292
correctness ~ TMS_Type * coding_section_no + session * problem_set + problem_order + pain + physical_symptoms + discomfort + sensations + (1|participant_id) + (1|problem_id),483.411174,543.310474
correctness ~ TMS_Type * coding_section_no + session * problem_set + problem_order + pain + physical_symptoms + discomfort + sensations + (1|participant_id) + (1|participant_id:TMS_Type),662.893380,722.792680
correctness ~ TMS_Type * coding_section_no + session * problem_set + problem_order + pain + physical_symptoms + discomfort + sensations + (1|problem_id) + (1|problem_id:TMS_Type),512.900496,572.799796
correctness ~ TMS_Type * coding_section_no + session * problem_set + problem_order + pain + physical_symptoms + discomfort + sensations + (1|participant_id) + (1|problem_id) + (1|participant_id:TMS_Type),483.070615,547.248436
correctness ~ TMS_Type * coding_section_no + session * problem_set + problem_order + pain + physical_symptoms + discomfort + sensations + (1|participant_id) + (1|problem_id) + (1|problem_id:TMS_Type),485.410660,549.588481
correctness ~ TMS_Type * coding_section_no + session * problem_set + problem_order + pain + physical_symptoms + discomfort + sensations + (1|participant_id) + (1|problem_id) + (1|participant_id:TMS_Type) + (1|problem_id:TMS_Type),485.070442,553.526785
correctness ~ TMS_Type * coding_section_no + session * problem_order + problem_set + pain + physical_symptoms + discomfort + sensations + (1|participant_id),659.455899,715.076677
correctness ~ TMS_Type * coding_section_no + session * problem_order + problem_set + pain + physical_symptoms + discomfort + sensations + (1|problem_id),510.635095,566.255874
correctness ~ TMS_Type * coding_section_no + session * problem_order + problem_set + pain + physical_symptoms + discomfort + sensations + (1|participant_id) + (1|problem_id),482.302710,542.202010
correctness ~ TMS_Type * coding_section_no + session * problem_order + problem_set + pain + physical_symptoms + discomfort + sensations + (1|participant_id) + (1|participant_id:TMS_Type),661.455919,721.355219
correctness ~ TMS_Type * coding_section_no + session * problem_order + problem_set + pain + physical_symptoms + discomfort + sensations + (1|problem_id) + (1|problem_id:TMS_Type),512.635065,572.534364
correctness ~ TMS_Type * coding_section_no + session * problem_order + problem_set + pain + physical_symptoms + discomfort + sensations + (1|participant_id) + (1|problem_id) + (1|participant_id:TMS_Type),482.245942,546.423764
correctness ~ TMS_Type * coding_section_no + session * problem_order + problem_set + pain + physical_symptoms + discomfort + sensations + (1|participant_id) + (1|problem_id) + (1|problem_id:TMS_Type),484.302889,548.480710
correctness ~ TMS_Type * coding_section_no + session * problem_order + problem_set + pain + physical_symptoms + discomfort + sensations + (1|participant_id) + (1|problem_id) + (1|participant_id:TMS_Type) + (1|problem_id:TMS_Type),484.244751,552.701094
correctness ~ TMS_Type * coding_section_no + problem_set * problem_order + session + pain + physical_symptoms + discomfort + sensations + (1|participant_id),656.757951,712.378729
correctness ~ TMS_Type * coding_section_no + problem_set * problem_order + session + pain + physical_symptoms + discomfort + sensations + (1|problem_id),509.098738,564.719517
correctness ~ TMS_Type * coding_section_no + problem_set * problem_order + session + pain + physical_symptoms + discomfort + sensations + (1|participant_id) + (1|problem_id),480.111307,540.010607
correctness ~ TMS_Type * coding_section_no + problem_set * problem_order + session + pain + physical_symptoms + discomfort + sensations + (1|participant_id) + (1|participant_id:TMS_Type),658.757964,718.657264
correctness ~ TMS_Type * coding_section_no + problem_set * problem_order + session + pain + physical_symptoms + discomfort + sensations + (1|problem_id) + (1|problem_id:TMS_Type),511.098726,570.998026
correctness ~ TMS_Type * coding_section_no + problem_set * problem_order + session + pain + physical_symptoms + discomfort + sensations + (1|participant_id) + (1|problem_id) + (1|participant_id:TMS_Type),480.030922,544.208743
correctness ~ TMS_Type * coding_section_no + problem_set * problem_order + session + pain + physical_symptoms + discomfort + sensations + (1|participant_id) + (1|problem_id) + (1|problem_id:TMS_Type),482.111330,546.289151
correctness ~ TMS_Type * coding_section_no + problem_set * problem_order + session + pain + physical_symptoms + discomfort + sensations + (1|participant_id) + (1|problem_id) + (1|participant_id:TMS_Type) + (1|problem_id:TMS_Type),482.030863,550.487206
correctness ~ TMS_Type * problem_order + session * problem_set + coding_section_no + pain + physical_symptoms + discomfort + sensations + (1|participant_id),661.521532,717.142311
correctness ~ TMS_Type * problem_order + session * problem_set + coding_section_no + pain + physical_symptoms + discomfort + sensations + (1|problem_id),510.458460,566.079238
correctness ~ TMS_Type * problem_order + session * problem_set + coding_section_no + pain + physical_symptoms + discomfort + sensations + (1|participant_id) + (1|problem_id),482.989826,542.889126
correctness ~ TMS_Type * problem_order + session * problem_set + coding_section_no + pain + physical_symptoms + discomfort + sensations + (1|participant_id) + (1|participant_id:TMS_Type),663.520803,723.420103
correctness ~ TMS_Type * problem_order + session * problem_set + coding_section_no + pain + physical_symptoms + discomfort + sensations + (1|problem_id) + (1|problem_id:TMS_Type),512.458462,572.357762
correctness ~ TMS_Type * problem_order + session * problem_set + coding_section_no + pain + physical_symptoms + discomfort + sensations + (1|participant_id) + (1|problem_id) + (1|participant_id:TMS_Type),482.868168,547.045989
correctness ~ TMS_Type * problem_order + session * problem_set + coding_section_no + pain + physical_symptoms + discomfort + sensations + (1|participant_id) + (1|problem_id) + (1|problem_id:TMS_Type),484.989425,549.167246
correctness ~ TMS_Type * problem_order + session * problem_set + coding_section_no + pain + physical_symptoms + discomfort + sensations + (1|participant_id) + (1|problem_id) + (1|participant_id:TMS_Type) + (1|problem_id:TMS_Type),484.864842,553.321184
correctness ~ TMS_Type * problem_order + session * coding_section_no + problem_set + pain + physical_symptoms + discomfort + sensations + (1|participant_id),661.656697,717.277476
correctness ~ TMS_Type * problem_order + session * coding_section_no + problem_set + pain + physical_symptoms + discomfort + sensations + (1|problem_id),510.317669,565.938447
correctness ~ TMS_Type * problem_order + session * coding_section_no + problem_set + pain + physical_symptoms + discomfort + sensations + (1|participant_id) + (1|problem_id),482.658728,542.558028
correctness ~ TMS_Type * problem_order + session * coding_section_no + problem_set + pain + physical_symptoms + discomfort + sensations + (1|participant_id) + (1|participant_id:TMS_Type),663.654357,723.553657
correctness ~ TMS_Type * problem_order + session * coding_section_no + problem_set + pain + physical_symptoms + discomfort + sensations + (1|problem_id) + (1|problem_id:TMS_Type),512.317696,572.216996
correctness ~ TMS_Type * problem_order + session * coding_section_no + problem_set + pain + physical_symptoms + discomfort + sensations + (1|participant_id) + (1|problem_id) + (1|participant_id:TMS_Type),482.546481,546.724302
correctness ~ TMS_Type * problem_order + session * coding_section_no + problem_set + pain + physical_symptoms + discomfort + sensations + (1|participant_id) + (1|problem_id) + (1|problem_id:TMS_Type),484.658191,548.836012
correctness ~ TMS_Type * problem_order + session * coding_section_no + problem_set + pain + physical_symptoms + discomfort + sensations + (1|participant_id) + (1|problem_id) + (1|participant_id:TMS_Type) + (1|problem_id:TMS_Type),484.543734,553.000077
correctness ~ TMS_Type * problem_order + problem_set * coding_section_no + session + pain + physical_symptoms + discomfort + sensations + (1|participant_id),660.855334,716.476112
correctness ~ TMS_Type * problem_order + problem_set * coding_section_no + session + pain + physical_symptoms + discomfort + sensations + (1|problem_id),510.231648,565.852427
correctness ~ TMS_Type * problem_order + problem_set * coding_section_no + session + pain + physical_symptoms + discomfort + sensations + (1|participant_id) + (1|problem_id),482.904323,542.803623
correctness ~ TMS_Type * problem_order + problem_set * coding_section_no + session + pain + physical_symptoms + discomfort + sensations + (1|participant_id) + (1|participant_id:TMS_Type),662.847782,722.747082
correctness ~ TMS_Type * problem_order + problem_set * coding_section_no + session + pain + physical_symptoms + discomfort + sensations + (1|problem_id) + (1|problem_id:TMS_Type),512.231640,572.130940
correctness ~ TMS_Type * problem_order + problem_set * coding_section_no + session + pain + physical_symptoms + discomfort + sensations + (1|participant_id) + (1|problem_id) + (1|participant_id:TMS_Type),482.739962,546.917784
correctness ~ TMS_Type * problem_order + problem_set * coding_section_no + session + pain + physical_symptoms + discomfort + sensations + (1|participant_id) + (1|problem_id) + (1|problem_id:TMS_Type),484.903780,549.081602
correctness ~ TMS_Type * problem_order + problem_set * coding_section_no + session + pain + physical_symptoms + discomfort + sensations + (1|participant_id) + (1|problem_id) + (1|participant_id:TMS_Type) + (1|problem_id:TMS_Type),484.740042,553.196385
correctness ~ session * problem_set + coding_section_no * problem_order + TMS_Type + pain + physical_symptoms + discomfort + sensations + (1|participant_id),658.509152,714.129930
correctness ~ session * problem_set + coding_section_no * problem_order + TMS_Type + pain + physical_symptoms + discomfort + sensations + (1|problem_id),508.161696,563.782474
correctness ~ session * problem_set + coding_section_no * problem_order + TMS_Type + pain + physical_symptoms + discomfort + sensations + (1|participant_id) + (1|problem_id),481.318292,541.217592
correctness ~ session * problem_set + coding_section_no * problem_order + TMS_Type + pain + physical_symptoms + discomfort + sensations + (1|participant_id) + (1|participant_id:TMS_Type),660.509148,720.408447
correctness ~ session * problem_set + coding_section_no * problem_order + TMS_Type + pain + physical_symptoms + discomfort + sensations + (1|problem_id) + (1|problem_id:TMS_Type),510.161798,570.061098
correctness ~ session * problem_set + coding_section_no * problem_order + TMS_Type + pain + physical_symptoms + discomfort + sensations + (1|participant_id) + (1|problem_id) + (1|participant_id:TMS_Type),481.089359,545.267180
correctness ~ session * problem_set + coding_section_no * problem_order + TMS_Type + pain + physical_symptoms + discomfort + sensations + (1|participant_id) + (1|problem_id) + (1|problem_id:TMS_Type),483.318150,547.495972
correctness ~ session * problem_set + coding_section_no * problem_order + TMS_Type + pain + physical_symptoms + discomfort + sensations + (1|participant_id) + (1|problem_id) + (1|participant_id:TMS_Type) + (1|problem_id:TMS_Type),483.088461,551.544804
correctness ~ session * coding_section_no + problem_set * problem_order + TMS_Type + pain + physical_symptoms + discomfort + sensations + (1|participant_id),657.426571,713.047350
correctness ~ session * coding_section_no + problem_set * problem_order + TMS_Type + pain + physical_symptoms + discomfort + sensations + (1|problem_id),508.956372,564.577151
correctness ~ session * coding_section_no + problem_set * problem_order + TMS_Type + pain + physical_symptoms + discomfort + sensations + (1|participant_id) + (1|problem_id),479.825182,539.724482
correctness ~ session * coding_section_no + problem_set * problem_order + TMS_Type + pain + physical_symptoms + discomfort + sensations + (1|participant_id) + (1|participant_id:TMS_Type),659.426566,719.325866
correctness ~ session * coding_section_no + problem_set * problem_order + TMS_Type + pain + physical_symptoms + discomfort + sensations + (1|problem_id) + (1|problem_id:TMS_Type),510.956445,570.855745
correctness ~ session * coding_section_no + problem_set * problem_order + TMS_Type + pain + physical_symptoms + discomfort + sensations + (1|participant_id) + (1|problem_id) + (1|participant_id:TMS_Type),479.770831,543.948653
correctness ~ session * coding_section_no + problem_set * problem_order + TMS_Type + pain + physical_symptoms + discomfort + sensations + (1|participant_id) + (1|problem_id) + (1|problem_id:TMS_Type),481.824431,546.002253
correctness ~ session * coding_section_no + problem_set * problem_order + TMS_Type + pain + physical_symptoms + discomfort + sensations + (1|participant_id) + (1|problem_id) + (1|participant_id:TMS_Type) + (1|problem_id:TMS_Type),481.769710,550.226052
correctness ~ session * problem_order + problem_set * coding_section_no + TMS_Type + pain + physical_symptoms + discomfort + sensations + (1|participant_id),659.321752,714.942531
correctness ~ session * problem_order + problem_set * coding_section_no + TMS_Type + pain + physical_symptoms + discomfort + sensations + (1|problem_id),510.368462,565.989240
correctness ~ session * problem_order + problem_set * coding_section_no + TMS_Type + pain + physical_symptoms + discomfort + sensations + (1|participant_id) + (1|problem_id),482.231241,542.130541
correctness ~ session * problem_order + problem_set * coding_section_no + TMS_Type + pain + physical_symptoms + discomfort + sensations + (1|participant_id) + (1|participant_id:TMS_Type),661.321712,721.221012
correctness ~ session * problem_order + problem_set * coding_section_no + TMS_Type + pain + physical_symptoms + discomfort + sensations + (1|problem_id) + (1|problem_id:TMS_Type),512.368471,572.267771
correctness ~ session * problem_order + problem_set * coding_section_no + TMS_Type + pain + physical_symptoms + discomfort + sensations + (1|participant_id) + (1|problem_id) + (1|participant_id:TMS_Type),482.152387,546.330208
correctness ~ session * problem_order + problem_set * coding_section_no + TMS_Type + pain + physical_symptoms + discomfort + sensations + (1|participant_id) + (1|problem_id) + (1|problem_id:TMS_Type),484.231202,548.409024
correctness ~ session * problem_order + problem_set * coding_section_no + TMS_Type + pain + physical_symptoms + discomfort + sensations + (1|participant_id) + (1|problem_id) + (1|participant_id:TMS_Type) + (1|problem_id:TMS_Type),484.152680,552.609023
correctness ~ TMS_Type * session * problem_set + coding_section_no + problem_order + pain + physical_symptoms + discomfort + sensations + (1|participant_id),665.283963,729.461784
correctness ~ TMS_Type * session * problem_set + coding_section_no + problem_order + pain + physical_symptoms + discomfort + sensations + (1|problem_id),513.296038,577.473860
correctness ~ TMS_Type * session * problem_set + coding_section_no + problem_order + pain + physical_symptoms + discomfort + sensations + (1|participant_id) + (1|problem_id),486.909700,555.366043
correctness ~ TMS_Type * session * problem_set + coding_section_no + problem_order + pain + physical_symptoms + discomfort + sensations + (1|participant_id) + (1|participant_id:TMS_Type),667.280455,735.736797
correctness ~ TMS_Type * session * problem_set + coding_section_no + problem_order + pain + physical_symptoms + discomfort + sensations + (1|problem_id) + (1|problem_id:TMS_Type),515.296044,583.752387
correctness ~ TMS_Type * session * problem_set + coding_section_no + problem_order + pain + physical_symptoms + discomfort + sensations + (1|participant_id) + (1|problem_id) + (1|participant_id:TMS_Type),486.655703,559.390567
correctness ~ TMS_Type * session * problem_set + coding_section_no + problem_order + pain + physical_symptoms + discomfort + sensations + (1|participant_id) + (1|problem_id) + (1|problem_id:TMS_Type),488.907106,561.641970
correctness ~ TMS_Type * session * problem_set + coding_section_no + problem_order + pain + physical_symptoms + discomfort + sensations + (1|participant_id) + (1|problem_id) + (1|participant_id:TMS_Type) + (1|problem_id:TMS_Type),488.655322,565.668708
correctness ~ TMS_Type * session * coding_section_no + problem_set + problem_order + pain + physical_symptoms + discomfort + sensations + (1|participant_id),661.271926,725.449747
correctness ~ TMS_Type * session * coding_section_no + problem_set + problem_order + pain + physical_symptoms + discomfort + sensations + (1|problem_id),513.549366,577.727188
correctness ~ TMS_Type * session * coding_section_no + problem_set + problem_order + pain + physical_symptoms + discomfort + sensations + (1|participant_id) + (1|problem_id),485.101322,553.557665
correctness ~ TMS_Type * session * coding_section_no + problem_set + problem_order + pain + physical_symptoms + discomfort + sensations + (1|participant_id) + (1|participant_id:TMS_Type),663.268978,731.725321
correctness ~ TMS_Type * session * coding_section_no + problem_set + problem_order + pain + physical_symptoms + discomfort + sensations + (1|problem_id) + (1|problem_id:TMS_Type),515.549353,584.005696
correctness ~ TMS_Type * session * coding_section_no + problem_set + problem_order + pain + physical_symptoms + discomfort + sensations + (1|participant_id) + (1|problem_id) + (1|participant_id:TMS_Type),484.737598,557.472463
correctness ~ TMS_Type * session * coding_section_no + problem_set + problem_order + pain + physical_symptoms + discomfort + sensations + (1|participant_id) + (1|problem_id) + (1|problem_id:TMS_Type),487.100476,559.835340
correctness ~ TMS_Type * session * coding_section_no + problem_set + problem_order + pain + physical_symptoms + discomfort + sensations + (1|participant_id) + (1|problem_id) + (1|participant_id:TMS_Type) + (1|problem_id:TMS_Type),486.736963,563.750348
correctness ~ TMS_Type * session * problem_order + problem_set + coding_section_no + pain + physical_symptoms + discomfort + sensations + (1|participant_id),664.136168,728.313989
correctness ~ TMS_Type * session * problem_order + problem_set + coding_section_no + pain + physical_symptoms + discomfort + sensations + (1|problem_id),513.985012,578.162834
correctness ~ TMS_Type * session * problem_order + problem_set + coding_section_no + pain + physical_symptoms + discomfort + sensations + (1|participant_id) + (1|problem_id),485.768595,554.224937
correctness ~ TMS_Type * session * problem_order + problem_set + coding_section_no + pain + physical_symptoms + discomfort + sensations + (1|participant_id) + (1|participant_id:TMS_Type),666.136164,734.592506
correctness ~ TMS_Type * session * problem_order + problem_set + coding_section_no + pain + physical_symptoms + discomfort + sensations + (1|problem_id) + (1|problem_id:TMS_Type),515.985052,584.441394
correctness ~ TMS_Type * session * problem_order + problem_set + coding_section_no + pain + physical_symptoms + discomfort + sensations + (1|participant_id) + (1|problem_id) + (1|participant_id:TMS_Type),485.960388,558.695252
correctness ~ TMS_Type * session * problem_order + problem_set + coding_section_no + pain + physical_symptoms + discomfort + sensations + (1|participant_id) + (1|problem_id) + (1|problem_id:TMS_Type),487.768534,560.503399
correctness ~ TMS_Type * session * problem_order + problem_set + coding_section_no + pain + physical_symptoms + discomfort + sensations + (1|participant_id) + (1|problem_id) + (1|participant_id:TMS_Type) + (1|problem_id:TMS_Type),487.955329,564.968715
correctness ~ TMS_Type * problem_set * coding_section_no + problem_order + session + pain + physical_symptoms + discomfort + sensations + (1|participant_id),663.736623,727.914445
correctness ~ TMS_Type * problem_set * coding_section_no + problem_order + session + pain + physical_symptoms + discomfort + sensations + (1|problem_id),513.022270,577.200091
correctness ~ TMS_Type * problem_set * coding_section_no + problem_order + session + pain + physical_symptoms + discomfort + sensations + (1|participant_id) + (1|problem_id),486.800179,555.256522
correctness ~ TMS_Type * problem_set * coding_section_no + problem_order + session + pain + physical_symptoms + discomfort + sensations + (1|participant_id) + (1|participant_id:TMS_Type),665.711000,734.167342
correctness ~ TMS_Type * problem_set * coding_section_no + problem_order + session + pain + physical_symptoms + discomfort + sensations + (1|problem_id) + (1|problem_id:TMS_Type),515.022239,583.478582
correctness ~ TMS_Type * problem_set * coding_section_no + problem_order + session + pain + physical_symptoms + discomfort + sensations + (1|participant_id) + (1|problem_id) + (1|participant_id:TMS_Type),486.255911,558.990775
correctness ~ TMS_Type * problem_set * coding_section_no + problem_order + session + pain + physical_symptoms + discomfort + sensations + (1|participant_id) + (1|problem_id) + (1|problem_id:TMS_Type),488.799102,561.533966
correctness ~ TMS_Type * problem_set * coding_section_no + problem_order + session + pain + physical_symptoms + discomfort + sensations + (1|participant_id) + (1|problem_id) + (1|participant_id:TMS_Type) + (1|problem_id:TMS_Type),488.256745,565.270130
correctness ~ TMS_Type * problem_set * problem_order + coding_section_no + session + pain + physical_symptoms + discomfort + sensations + (1|participant_id),659.233519,723.411340
correctness ~ TMS_Type * problem_set * problem_order + coding_section_no + session + pain + physical_symptoms + discomfort + sensations + (1|problem_id),509.414654,573.592476
correctness ~ TMS_Type * problem_set * problem_order + coding_section_no + session + pain + physical_symptoms + discomfort + sensations + (1|participant_id) + (1|problem_id),481.814291,550.270634
correctness ~ TMS_Type * problem_set * problem_order + coding_section_no + session + pain + physical_symptoms + discomfort + sensations + (1|participant_id) + (1|participant_id:TMS_Type),661.233454,729.689797
correctness ~ TMS_Type * problem_set * problem_order + coding_section_no + session + pain + physical_symptoms + discomfort + sensations + (1|problem_id) + (1|problem_id:TMS_Type),511.414688,579.871030
correctness ~ TMS_Type * problem_set * problem_order + coding_section_no + session + pain + physical_symptoms + discomfort + sensations + (1|participant_id) + (1|problem_id) + (1|participant_id:TMS_Type),481.919464,554.654328
correctness ~ TMS_Type * problem_set * problem_order + coding_section_no + session + pain + physical_symptoms + discomfort + sensations + (1|participant_id) + (1|problem_id) + (1|problem_id:TMS_Type),483.813525,556.548390
correctness ~ TMS_Type * problem_set * problem_order + coding_section_no + session + pain + physical_symptoms + discomfort + sensations + (1|participant_id) + (1|problem_id) + (1|participant_id:TMS_Type) + (1|problem_id:TMS_Type),483.915976,560.929361
correctness ~ TMS_Type * coding_section_no * problem_order + session + problem_set + pain + physical_symptoms + discomfort + sensations + (1|participant_id),661.865905,726.043726
correctness ~ TMS_Type * coding_section_no * problem_order + session + problem_set + pain + physical_symptoms + discomfort + sensations + (1|problem_id),509.852402,574.030223
correctness ~ TMS_Type * coding_section_no * problem_order + session + problem_set + pain + physical_symptoms + discomfort + sensations + (1|participant_id) + (1|problem_id),483.332860,551.789203
correctness ~ TMS_Type * coding_section_no * problem_order + session + problem_set + pain + physical_symptoms + discomfort + sensations + (1|participant_id) + (1|participant_id:TMS_Type),663.865870,732.322212
correctness ~ TMS_Type * coding_section_no * problem_order + session + problem_set + pain + physical_symptoms + discomfort + sensations + (1|problem_id) + (1|problem_id:TMS_Type),511.851498,580.307841
correctness ~ TMS_Type * coding_section_no * problem_order + session + problem_set + pain + physical_symptoms + discomfort + sensations + (1|participant_id) + (1|problem_id) + (1|participant_id:TMS_Type),482.828007,555.562871
correctness ~ TMS_Type * coding_section_no * problem_order + session + problem_set + pain + physical_symptoms + discomfort + sensations + (1|participant_id) + (1|problem_id) + (1|problem_id:TMS_Type),485.331823,558.066687
correctness ~ TMS_Type * coding_section_no * problem_order + session + problem_set + pain + physical_symptoms + discomfort + sensations + (1|participant_id) + (1|problem_id) + (1|participant_id:TMS_Type) + (1|problem_id:TMS_Type),484.820182,561.833568
correctness ~ session * problem_set * coding_section_no + problem_order + TMS_Type + pain + physical_symptoms + discomfort + sensations + (1|participant_id),661.713000,725.890821
correctness ~ session * problem_set * coding_section_no + problem_order + TMS_Type + pain + physical_symptoms + discomfort + sensations + (1|problem_id),510.596091,574.773912
correctness ~ session * problem_set * coding_section_no + problem_order + TMS_Type + pain + physical_symptoms + discomfort + sensations + (1|participant_id) + (1|problem_id),483.367766,551.824108
correctness ~ session * problem_set * coding_section_no + problem_order + TMS_Type + pain + physical_symptoms + discomfort + sensations + (1|participant_id) + (1|participant_id:TMS_Type),663.702051,732.158394
correctness ~ session * problem_set * coding_section_no + problem_order + TMS_Type + pain + physical_symptoms + discomfort + sensations + (1|problem_id) + (1|problem_id:TMS_Type),512.596138,581.052481
correctness ~ session * problem_set * coding_section_no + problem_order + TMS_Type + pain + physical_symptoms + discomfort + sensations + (1|participant_id) + (1|problem_id) + (1|participant_id:TMS_Type),482.896377,555.631241
correctness ~ session * problem_set * coding_section_no + problem_order + TMS_Type + pain + physical_symptoms + discomfort + sensations + (1|participant_id) + (1|problem_id) + (1|problem_id:TMS_Type),485.369172,558.104037
correctness ~ session * problem_set * coding_section_no + problem_order + TMS_Type + pain + physical_symptoms + discomfort + sensations + (1|participant_id) + (1|problem_id) + (1|participant_id:TMS_Type) + (1|problem_id:TMS_Type),484.896461,561.909846
correctness ~ session * problem_set * problem_order + coding_section_no + TMS_Type + pain + physical_symptoms + discomfort + sensations + (1|participant_id),659.734719,723.912540
correctness ~ session * problem_set * problem_order + coding_section_no + TMS_Type + pain + physical_symptoms + discomfort + sensations + (1|problem_id),511.859965,576.037786
correctness ~ session * problem_set * problem_order + coding_section_no + TMS_Type + pain + physical_symptoms + discomfort + sensations + (1|participant_id) + (1|problem_id),482.504659,550.961002
correctness ~ session * problem_set * problem_order + coding_section_no + TMS_Type + pain + physical_symptoms + discomfort + sensations + (1|participant_id) + (1|participant_id:TMS_Type),661.734699,730.191041
correctness ~ session * problem_set * problem_order + coding_section_no + TMS_Type + pain + physical_symptoms + discomfort + sensations + (1|problem_id) + (1|problem_id:TMS_Type),513.859967,582.316310
correctness ~ session * problem_set * problem_order + coding_section_no + TMS_Type + pain + physical_symptoms + discomfort + sensations + (1|participant_id) + (1|problem_id) + (1|participant_id:TMS_Type),482.678986,555.413850
correctness ~ session * problem_set * problem_order + coding_section_no + TMS_Type + pain + physical_symptoms + discomfort + sensations + (1|participant_id) + (1|problem_id) + (1|problem_id:TMS_Type),484.506282,557.241146
correctness ~ session * problem_set * problem_order + coding_section_no + TMS_Type + pain + physical_symptoms + discomfort + sensations + (1|participant_id) + (1|problem_id) + (1|participant_id:TMS_Type) + (1|problem_id:TMS_Type),484.676027,561.689412
correctness ~ session * coding_section_no * problem_order + TMS_Type + problem_set + pain + physical_symptoms + discomfort + sensations + (1|participant_id),660.476283,724.654104
correctness ~ session * coding_section_no * problem_order + TMS_Type + problem_set + pain + physical_symptoms + discomfort + sensations + (1|problem_id),511.378014,575.555835
correctness ~ session * coding_section_no * problem_order + TMS_Type + problem_set + pain + physical_symptoms + discomfort + sensations + (1|participant_id) + (1|problem_id),483.534978,551.991321
correctness ~ session * coding_section_no * problem_order + TMS_Type + problem_set + pain + physical_symptoms + discomfort + sensations + (1|participant_id) + (1|participant_id:TMS_Type),662.476153,730.932495
correctness ~ session * coding_section_no * problem_order + TMS_Type + problem_set + pain + physical_symptoms + discomfort + sensations + (1|problem_id) + (1|problem_id:TMS_Type),513.378011,581.834353
correctness ~ session * coding_section_no * problem_order + TMS_Type + problem_set + pain + physical_symptoms + discomfort + sensations + (1|participant_id) + (1|problem_id) + (1|participant_id:TMS_Type),483.622640,556.357504
correctness ~ session * coding_section_no * problem_order + TMS_Type + problem_set + pain + physical_symptoms + discomfort + sensations + (1|participant_id) + (1|problem_id) + (1|problem_id:TMS_Type),485.535281,558.270146
correctness ~ session * coding_section_no * problem_order + TMS_Type + problem_set + pain + physical_symptoms + discomfort + sensations + (1|participant_id) + (1|problem_id) + (1|participant_id:TMS_Type) + (1|problem_id:TMS_Type),485.621623,562.635009
correctness ~ problem_set * coding_section_no * problem_order + TMS_Type + session + pain + physical_symptoms + discomfort + sensations + (1|participant_id),655.307006,719.484827
correctness ~ problem_set * coding_section_no * problem_order + TMS_Type + session + pain + physical_symptoms + discomfort + sensations + (1|problem_id),509.199961,573.377782
correctness ~ problem_set * coding_section_no * problem_order + TMS_Type + session + pain + physical_symptoms + discomfort + sensations + (1|participant_id) + (1|problem_id),481.591379,550.047722
correctness ~ problem_set * coding_section_no * problem_order + TMS_Type + session + pain + physical_symptoms + discomfort + sensations + (1|participant_id) + (1|participant_id:TMS_Type),657.307126,725.763468
correctness ~ problem_set * coding_section_no * problem_order + TMS_Type + session + pain + physical_symptoms + discomfort + sensations + (1|problem_id) + (1|problem_id:TMS_Type),511.200096,579.656439
correctness ~ problem_set * coding_section_no * problem_order + TMS_Type + session + pain + physical_symptoms + discomfort + sensations + (1|participant_id) + (1|problem_id) + (1|participant_id:TMS_Type),481.575399,554.310263
correctness ~ problem_set * coding_section_no * problem_order + TMS_Type + session + pain + physical_symptoms + discomfort + sensations + (1|participant_id) + (1|problem_id) + (1|problem_id:TMS_Type),483.590793,556.325657
correctness ~ problem_set * coding_section_no * problem_order + TMS_Type + session + pain + physical_symptoms + discomfort + sensations + (1|participant_id) + (1|problem_id) + (1|participant_id:TMS_Type) + (1|problem_id:TMS_Type),483.574723,560.588108
